Farmer_ID,Crop_Type,Residue_Type,Residue_Quantity (kg/acre),Soil_Type,Moisture_Level (%),Cost_of_Collection (₹/kg),Market_Price (₹/kg),Burning_Cost (₹/acre),Alternative_Uses,Profitability_Score
F001,3,1,1.0,2,0.75,0.5906040268456376,0.19333333333333336,0.6933333333333334,3,3
F002,0,2,0.090176322418136,2,1.0,0.7785234899328859,0.8533333333333333,0.41999999999999993,1,5
F003,2,0,0.5632241813602015,1,0.55,0.5100671140939599,0.6933333333333331,0.06666666666666665,4,5
F004,1,3,0.9465994962216624,0,1.0,0.08053691275167785,0.30000000000000004,0.9833333333333334,4,5
F005,0,2,0.9591939546599497,0,0.30000000000000004,0.8590604026845639,0.6933333333333331,0.32333333333333325,1,1
F006,3,1,0.9949622166246852,1,0.30000000000000004,0.651006711409396,0.6133333333333333,0.0033333333333331883,1,1
F007,1,3,0.24886649874055422,1,0.6000000000000001,0.5704697986577183,0.6799999999999999,0.040000000000000036,4,5
F008,1,3,0.732493702770781,1,0.5,0.9261744966442955,0.05999999999999983,0.13666666666666671,1,1
F009,3,1,0.582367758186398,0,0.40000000000000013,0.6644295302013423,0.3866666666666667,0.47,2,2
F010,3,1,0.9042821158690177,2,0.9000000000000001,0.7516778523489933,0.78,0.8766666666666665,3,3
F011,2,0,0.11335012594458438,1,0.40000000000000013,0.31543624161073824,0.5733333333333333,0.6833333333333331,2,5
F012,3,1,0.7410579345088162,1,0.3500000000000001,0.8926174496644295,0.5,0.7999999999999998,2,2
F013,3,1,0.008564231738035333,0,0.9000000000000001,0.5771812080536913,0.9400000000000002,0.9866666666666668,3,5
F014,3,1,0.454911838790932,1,0.6000000000000001,0.6241610738255035,0.4066666666666665,0.7799999999999998,0,0
F015,2,0,0.9692695214105793,0,0.8500000000000001,0.5704697986577183,0.54,0.33999999999999986,1,5
F016,1,3,0.7239294710327455,2,0.10000000000000009,0.5704697986577183,0.1266666666666667,0.6266666666666667,0,0
F017,0,2,0.24080604534005046,1,0.75,0.06711409395973167,0.16666666666666674,0.31000000000000005,1,5
F018,1,3,0.4015113350125945,0,0.9000000000000001,0.5973154362416107,0.7466666666666668,0.24,2,5
F019,1,3,0.6090680100755668,0,0.6500000000000001,0.9597315436241611,0.3266666666666669,0.8799999999999999,0,0
F020,2,0,0.24584382871536525,2,0.20000000000000007,0.5033557046979866,0.6399999999999999,0.3466666666666667,0,5
F021,1,3,0.8821158690176323,2,0.10000000000000009,0.24832214765100669,0.13333333333333353,0.7333333333333334,0,5
F022,2,0,0.4040302267002519,1,0.5,0.22147651006711422,0.8799999999999997,0.7000000000000002,0,5
F023,1,3,0.7944584382871536,0,0.10000000000000009,0.6174496644295302,0.1200000000000001,0.6566666666666667,4,4
F024,1,3,0.1511335012594459,1,0.6000000000000001,0.5771812080536913,0.4733333333333334,0.77,2,2
F025,3,1,0.08362720403022672,0,0.7000000000000002,0.10067114093959728,0.09999999999999987,0.10666666666666669,0,5
F026,0,2,0.06448362720403022,2,0.8500000000000001,0.6912751677852349,0.3799999999999999,0.8566666666666665,3,3
F027,2,0,0.5037783375314862,0,0.25,0.6644295302013423,0.28666666666666685,0.21999999999999997,0,0
F028,2,0,0.1042821158690177,2,0.15000000000000002,0.5838926174496644,0.45999999999999996,0.10999999999999988,4,4
F029,3,1,0.4851385390428212,0,0.6500000000000001,0.6308724832214765,0.9066666666666665,0.8199999999999998,3,5
F030,3,1,0.6619647355163729,2,0.7000000000000002,0.9261744966442955,0.8666666666666665,0.8766666666666665,0,0
F031,0,2,0.8327455919395466,1,0.30000000000000004,0.6375838926174497,0.6933333333333331,0.7799999999999998,2,5
F032,1,3,0.604030226700252,0,0.6500000000000001,0.8389261744966443,0.42666666666666675,0.18999999999999995,0,0
F033,3,1,0.5612090680100756,0,1.0,0.28859060402684567,0.026666666666666616,0.30666666666666664,3,3
F034,0,2,0.5193954659949622,0,0.9000000000000001,0.7986577181208054,0.28,0.6666666666666665,4,4
F035,3,1,0.8584382871536524,2,0.6000000000000001,0.9597315436241611,0.19999999999999996,0.7433333333333332,0,0
F036,3,1,0.7204030226700253,0,0.0,0.24832214765100669,0.1266666666666667,0.8900000000000001,1,5
F037,1,3,0.6055415617128463,0,0.9500000000000002,0.033557046979865834,0.7866666666666668,0.8666666666666667,0,5
F038,0,2,0.7682619647355164,2,0.25,0.6308724832214765,0.4933333333333334,0.54,3,3
F039,1,3,0.3788413098236776,0,0.4500000000000002,0.7986577181208054,0.8066666666666664,0.5466666666666666,3,3
F040,2,0,0.49622166246851385,2,0.55,0.6912751677852349,0.8133333333333332,0.11333333333333329,3,5
F041,0,2,0.4992443324937028,2,0.050000000000000044,0.06040268456375841,0.7466666666666668,0.7766666666666668,0,5
F042,0,2,0.2831234256926952,2,0.75,0.9731543624161074,0.5666666666666667,0.8966666666666665,4,4
F043,2,0,0.01360201511335013,2,1.0,0.5838926174496644,0.3799999999999999,0.6933333333333334,2,2
F044,1,3,0.8181360201511336,2,0.6500000000000001,0.18791946308724838,0.7066666666666668,0.7233333333333332,3,5
F045,0,2,0.508816120906801,1,0.8,0.5234899328859062,0.9733333333333334,0.5666666666666667,3,5
F046,0,2,0.7309823677581864,2,0.8500000000000001,0.08053691275167785,0.6733333333333331,0.7533333333333334,1,5
F047,3,1,0.17732997481108315,0,0.40000000000000013,0.21476510067114096,0.5133333333333334,0.43666666666666654,4,5
F048,0,2,0.7672544080604533,2,0.3500000000000001,0.8859060402684564,0.14666666666666672,0.47666666666666657,0,0
F049,3,1,0.6488664987405541,2,0.8500000000000001,0.2953020134228188,0.08666666666666667,0.9166666666666665,1,1
F050,0,2,0.5899244332493703,2,0.15000000000000002,0.9261744966442955,0.2666666666666666,0.05999999999999983,2,2
F051,1,3,0.8473551637279597,0,0.6000000000000001,0.3825503355704698,0.6066666666666667,0.17666666666666653,0,5
F052,1,3,0.9168765743073048,0,0.75,0.8791946308724832,0.8799999999999997,0.1299999999999999,0,0
F053,3,1,0.5712846347607052,1,0.4500000000000002,0.261744966442953,0.1200000000000001,0.4833333333333334,0,5
F054,1,3,0.49773299748110844,2,0.8500000000000001,0.9261744966442955,0.45333333333333337,0.3733333333333333,2,2
F055,1,3,0.8287153652392947,1,0.15000000000000002,0.8053691275167785,0.5866666666666667,0.1499999999999999,2,2
F056,3,1,0.059949622166246885,0,0.8,0.01342281879194629,0.3733333333333333,0.4633333333333334,3,5
F057,1,3,0.5828715365239294,1,0.20000000000000007,1.0,0.17333333333333312,0.5066666666666666,2,2
F058,3,1,0.6090680100755668,1,0.8500000000000001,0.8657718120805369,0.13333333333333353,0.2666666666666666,4,4
F059,1,3,0.764735516372796,1,0.9500000000000002,0.4093959731543626,0.9133333333333333,0.07333333333333325,1,5
F060,0,2,0.05894206549118386,2,0.5,0.9060402684563758,0.06666666666666665,0.9900000000000002,0,0
F061,0,2,0.8886649874055417,1,0.10000000000000009,0.5167785234899329,0.019999999999999796,0.9866666666666668,0,0
F062,1,3,0.7591939546599495,1,0.3500000000000001,0.9395973154362418,0.9933333333333334,0.8866666666666667,1,1
F063,3,1,0.49622166246851385,0,0.55,0.731543624161074,0.16666666666666674,0.8466666666666667,4,4
F064,3,1,0.20000000000000007,1,0.30000000000000004,0.28859060402684567,0.72,0.046666666666666634,4,5
F065,1,3,0.07204030226700253,1,0.9500000000000002,0.9328859060402686,0.41333333333333333,0.5166666666666666,2,2
F066,3,1,0.4246851385390429,2,0.15000000000000002,0.020134228187919545,0.2933333333333332,0.2466666666666666,1,5
F067,3,1,0.22720403022670033,2,0.20000000000000007,0.5234899328859062,0.5599999999999998,0.21333333333333337,4,5
F068,0,2,0.8423173803526449,2,0.5,0.6778523489932886,0.5800000000000001,0.71,1,1
F069,3,1,0.007556675062972307,2,0.6500000000000001,0.22818791946308736,0.4666666666666668,0.5566666666666666,0,5
F070,3,1,0.10125944584382873,0,0.9000000000000001,0.7516778523489933,0.6733333333333331,0.18999999999999995,4,4
F071,1,3,0.026700251889168802,2,0.8500000000000001,1.0,0.6333333333333335,0.96,2,2
F072,2,0,0.2478589420654912,1,0.30000000000000004,0.9731543624161074,0.8933333333333333,0.9866666666666668,2,2
F073,0,2,0.22267002518891688,0,0.4500000000000002,0.5167785234899329,0.5,0.8999999999999999,1,5
F074,2,0,0.090176322418136,0,0.30000000000000004,0.28859060402684567,0.5533333333333335,0.2566666666666666,1,5
F075,2,0,0.2720403022670026,2,0.10000000000000009,0.6174496644295302,0.4733333333333334,0.28,0,0
F076,2,0,0.6191435768261966,0,0.9000000000000001,0.557046979865772,0.5533333333333335,0.08999999999999986,2,5
F077,3,1,0.9088161209068011,1,0.8,0.19463087248322153,0.5,0.6499999999999999,3,5
F078,1,3,0.7445843828715366,2,0.30000000000000004,0.41610738255033564,0.9400000000000002,0.9366666666666665,4,5
F079,3,1,0.13148614609571796,2,1.0,0.06040268456375841,0.8066666666666664,0.10333333333333328,4,5
F080,3,1,0.6675062972292192,1,0.050000000000000044,0.006711409395973145,0.8333333333333333,0.3666666666666667,0,5
F081,3,1,0.24483627204030234,2,0.7000000000000002,0.07382550335570481,0.3600000000000001,0.3733333333333333,4,5
F082,1,3,0.833249370277078,2,0.15000000000000002,0.02684563758389269,0.19999999999999996,0.4733333333333334,1,5
F083,3,1,0.6916876574307305,0,0.10000000000000009,0.6107382550335569,0.3666666666666665,0.8300000000000001,0,0
F084,1,3,0.24181360201511337,1,0.25,0.9395973154362418,0.06666666666666665,0.56,1,1
F085,2,0,0.30277078085642317,1,0.6500000000000001,0.34899328859060397,0.8066666666666664,0.040000000000000036,1,5
F086,0,2,0.5909319899244332,1,0.3500000000000001,0.9664429530201344,0.5733333333333333,0.040000000000000036,4,4
F087,1,3,0.5234256926952141,0,0.4500000000000002,0.9798657718120807,0.8533333333333333,0.17666666666666653,2,2
F088,3,1,0.6493702770780856,2,0.75,0.6711409395973154,0.72,0.17666666666666653,4,5
F089,0,2,0.6816120906801009,1,0.5,0.7583892617449666,0.26,0.5333333333333332,0,0
F090,0,2,0.5057934508816122,2,0.40000000000000013,0.563758389261745,0.5599999999999998,0.9199999999999999,0,5
F091,0,2,0.4307304785894207,2,0.25,0.22147651006711422,0.19333333333333336,0.2866666666666666,2,5
F092,1,3,0.7743073047858942,2,0.7000000000000002,0.033557046979865834,0.5199999999999998,0.046666666666666634,2,5
F093,1,3,0.20151133501259444,1,0.0,0.8590604026845639,0.6866666666666663,0.16999999999999993,0,0
F094,2,0,0.7309823677581864,2,0.9000000000000001,0.1744966442953021,0.20666666666666678,0.1433333333333333,1,5
F095,3,1,0.3073047858942066,2,0.8,0.5033557046979866,0.5199999999999998,0.6266666666666667,1,5
F096,2,0,0.5057934508816122,0,0.10000000000000009,0.5704697986577183,0.4933333333333334,0.7166666666666668,3,3
F097,1,3,0.05491183879093198,1,0.25,0.41610738255033564,0.6666666666666667,0.7399999999999998,0,5
F098,3,1,0.06397984886649877,2,0.10000000000000009,0.41610738255033564,0.09999999999999987,0.5066666666666666,3,3
F099,0,2,0.8282115869017632,2,0.050000000000000044,0.3221476510067114,0.43333333333333335,0.7266666666666666,3,5
F100,0,2,0.3314861460957179,0,0.25,0.27516778523489926,0.7133333333333332,0.21666666666666656,3,5
F101,3,1,0.3224181360201511,1,0.0,0.7248322147651005,0.78,0.9233333333333333,2,5
F102,3,1,0.7163727959697732,0,0.10000000000000009,0.261744966442953,0.7933333333333332,0.9933333333333332,2,5
F103,0,2,0.9581863979848866,2,0.15000000000000002,0.6577181208053691,0.5,0.2633333333333332,0,0
F104,3,1,0.001007556675063026,0,0.8,0.3691275167785235,0.09999999999999987,0.21666666666666656,0,0
F105,3,1,0.22518891687657439,2,0.30000000000000004,0.4429530201342282,0.45999999999999996,0.1266666666666667,3,5
F106,3,1,0.6851385390428211,0,0.6000000000000001,0.033557046979865834,0.7266666666666663,0.7399999999999998,1,5
F107,1,3,0.0,1,0.6500000000000001,0.14093959731543626,0.30666666666666664,0.44999999999999996,4,5
F108,2,0,0.34256926952141065,1,0.7000000000000002,0.8187919463087248,0.09333333333333349,0.14666666666666672,3,3
F109,1,3,0.67455919395466,1,0.3500000000000001,0.08724832214765099,0.05999999999999983,0.8133333333333335,4,5
F110,3,1,0.4090680100755668,0,0.55,0.7852348993288591,0.8666666666666665,0.7599999999999998,4,5
F111,2,0,0.8125944584382871,0,0.6500000000000001,0.06040268456375841,0.7933333333333332,0.7366666666666668,3,5
F112,0,2,0.7838790931989925,2,0.40000000000000013,0.7583892617449666,0.4733333333333334,0.4933333333333334,1,1
F113,0,2,0.17178841309823678,1,0.55,0.32885906040268464,0.5333333333333332,0.1299999999999999,4,5
F114,1,3,0.7088161209068011,1,0.8,0.19463087248322153,0.9999999999999998,0.9733333333333332,4,5
F115,0,2,0.27657430730478594,2,1.0,0.7046979865771812,0.6866666666666663,0.3533333333333333,3,3
F116,3,1,0.6100755667506297,1,0.75,0.40268456375838935,0.54,0.7066666666666666,4,5
F117,3,1,0.9088161209068011,0,0.0,0.6644295302013423,0.8533333333333333,0.16999999999999993,2,5
F118,0,2,0.5773299748110832,2,0.25,0.42281879194630867,0.76,0.8199999999999998,0,5
F119,3,1,0.8151133501259447,1,0.20000000000000007,0.8053691275167785,0.16666666666666674,0.40666666666666673,3,3
F120,2,0,0.44685138539042824,2,0.30000000000000004,0.8322147651006713,0.17333333333333312,0.6833333333333331,2,2
F121,2,0,0.5647355163727961,1,0.6000000000000001,0.9060402684563758,0.07333333333333325,0.7566666666666668,1,1
F122,1,3,0.5722921914357684,0,0.0,0.8993288590604027,0.6133333333333333,0.9166666666666665,1,1
F123,3,1,0.39596977329974814,2,0.55,0.5973154362416107,0.24,0.8466666666666667,0,0
F124,1,3,0.7884130982367759,2,0.10000000000000009,0.12751677852348997,0.5266666666666666,0.45333333333333337,1,5
F125,1,3,0.41511335012594464,2,0.9500000000000002,0.7919463087248322,0.026666666666666616,0.4866666666666666,4,4
F126,0,2,0.15717884130982374,1,0.10000000000000009,0.5838926174496644,0.033333333333333215,0.44666666666666655,4,4
F127,1,3,0.010579345088161274,1,0.10000000000000009,0.22818791946308736,0.44666666666666655,0.3866666666666667,2,5
F128,2,0,0.8297229219143576,0,0.10000000000000009,0.4697986577181208,0.5733333333333333,0.31333333333333324,0,5
F129,1,3,0.4523929471032746,1,0.20000000000000007,0.1744966442953021,0.44000000000000017,0.3566666666666667,2,5
F130,1,3,0.8871536523929471,0,0.9000000000000001,0.3087248322147651,0.046666666666666634,0.10666666666666669,2,2
F131,1,3,0.4891687657430731,1,0.0,0.38926174496644306,0.3266666666666669,0.24,3,5
F132,2,0,0.3974811083123426,2,0.050000000000000044,0.7651006711409396,0.44666666666666655,0.9033333333333333,1,1
F133,0,2,0.32342569269521415,2,0.8,0.2818791946308724,0.2933333333333332,0.2633333333333332,2,5
F134,3,1,0.1753148614609572,2,0.40000000000000013,0.912751677852349,0.30000000000000004,0.8766666666666665,4,4
F135,2,0,0.3596977329974811,0,0.10000000000000009,0.2348993288590605,0.41333333333333333,0.44333333333333336,4,5
F136,2,0,0.9602015113350126,0,0.30000000000000004,0.30201342281879195,0.5800000000000001,0.43333333333333335,3,5
F137,0,2,0.7727959697732998,2,0.0,0.6845637583892616,0.24,0.75,4,4
F138,1,3,0.7879093198992444,1,0.9000000000000001,0.9865771812080537,0.5066666666666666,0.73,2,2
F139,0,2,0.6251889168765743,2,0.9000000000000001,0.9530201342281881,0.28666666666666685,0.5666666666666667,2,2
F140,3,1,0.7798488664987406,2,0.25,0.731543624161074,0.053333333333333455,0.9066666666666667,3,3
F141,1,3,0.44282115869017635,1,0.55,0.5033557046979866,0.3733333333333333,0.5533333333333332,4,4
F142,2,0,0.28564231738035273,0,0.5,0.9865771812080537,0.18666666666666654,0.6599999999999999,1,1
F143,0,2,0.9738035264483627,0,0.8500000000000001,0.12751677852348997,0.026666666666666616,0.5333333333333332,3,5
F144,0,2,0.5818639798488665,0,0.40000000000000013,0.9463087248322148,0.28666666666666685,0.8333333333333335,0,0
F145,3,1,0.4141057934508816,1,0.5,0.22818791946308736,0.8266666666666669,0.32333333333333325,1,5
F146,1,3,0.5879093198992444,1,0.9000000000000001,0.9530201342281881,0.9533333333333334,0.7233333333333332,3,3
F147,2,0,0.29168765743073055,1,0.3500000000000001,0.3624161073825505,0.27333333333333343,0.31000000000000005,1,5
F148,0,2,0.11486146095717886,1,0.8,0.6107382550335569,0.2533333333333332,0.3799999999999999,3,3
F149,2,0,0.7899244332493702,1,0.050000000000000044,0.7449664429530203,0.2933333333333332,0.9266666666666667,3,3
F150,1,3,0.6105793450881611,2,0.050000000000000044,0.44966442953020125,0.30000000000000004,0.8233333333333333,2,2
F151,3,1,0.9198992443324938,0,0.75,0.19463087248322153,0.7266666666666663,0.3766666666666667,0,5
F152,1,3,0.7012594458438288,1,0.050000000000000044,0.20805369127516782,0.8600000000000001,0.05999999999999983,3,5
F153,0,2,0.597984886649874,2,1.0,0.20805369127516782,0.9599999999999997,0.44333333333333336,4,5
F154,2,0,0.7707808564231737,0,0.9000000000000001,0.21476510067114096,0.9666666666666666,0.32333333333333325,4,5
F155,3,1,0.4589420654911839,0,0.5,0.46308724832214776,0.08666666666666667,0.3633333333333333,1,1
F156,2,0,0.8664987405541562,2,0.4500000000000002,0.731543624161074,0.6866666666666663,0.9533333333333331,2,2
F157,0,2,0.04382871536523936,2,0.6000000000000001,0.5167785234899329,0.33333333333333326,0.8999999999999999,1,1
F158,2,0,0.4765743073047859,1,0.9000000000000001,0.8456375838926176,0.78,0.19666666666666655,3,3
F159,3,1,0.8649874055415616,2,0.75,0.20134228187919467,0.2333333333333334,0.07666666666666666,0,5
F160,1,3,0.04534005037783384,1,0.3500000000000001,0.6308724832214765,0.10666666666666669,0.33666666666666667,4,4
F161,2,0,0.7370277078085643,2,0.6000000000000001,0.7785234899328859,0.7133333333333332,0.8900000000000001,2,2
F162,1,3,0.8136020151133501,0,0.9000000000000001,0.28859060402684567,0.33999999999999986,0.6499999999999999,3,5
F163,0,2,0.5853904282115869,1,0.9500000000000002,0.9664429530201344,0.9666666666666666,0.026666666666666616,4,4
F164,2,0,0.8443324937027707,2,0.7000000000000002,0.49664429530201337,0.7266666666666663,0.11333333333333329,4,5
F165,2,0,0.614609571788413,2,0.55,0.8590604026845639,0.30666666666666664,0.08333333333333326,2,2
F166,3,1,0.06901763224181368,0,0.6500000000000001,0.6912751677852349,0.10666666666666669,0.08666666666666667,2,2
F167,0,2,0.19042821158690182,1,0.7000000000000002,0.5503355704697988,0.07333333333333325,0.7433333333333332,3,3
F168,2,0,0.8453400503778337,1,0.8500000000000001,0.22147651006711422,0.8666666666666665,0.9733333333333332,3,5
F169,2,0,0.46297229219143576,0,0.30000000000000004,0.27516778523489926,0.8333333333333333,0.8466666666666667,4,5
F170,2,0,0.14055415617128464,2,0.3500000000000001,0.563758389261745,0.42666666666666675,0.8166666666666669,3,3
F171,0,2,0.021662468513853894,0,0.3500000000000001,0.7046979865771812,0.19333333333333336,0.8033333333333332,3,3
F172,0,2,0.8478589420654912,1,0.6500000000000001,0.9060402684563758,0.9066666666666665,0.2933333333333332,3,3
F173,2,0,0.2060453400503779,0,0.0,0.8993288590604027,0.7533333333333332,0.023333333333333206,3,3
F174,0,2,0.7939546599496221,2,0.25,0.5369127516778525,0.6666666666666667,0.6499999999999999,1,5
F175,1,3,0.03425692695214111,2,0.5,0.4429530201342282,0.19333333333333336,0.9166666666666665,0,0
F176,2,0,0.5642317380352646,2,0.6500000000000001,0.9865771812080537,0.3266666666666669,0.19999999999999996,3,3
F177,3,1,0.08967254408060454,0,0.40000000000000013,0.4429530201342282,0.5800000000000001,0.9199999999999999,1,5
F178,0,2,1.0,0,0.050000000000000044,0.6912751677852349,0.4866666666666666,0.4266666666666665,2,2
F179,0,2,0.54911838790932,0,0.9500000000000002,0.1744966442953021,0.4733333333333334,0.7466666666666666,4,5
F180,2,0,0.9108312342569269,2,0.050000000000000044,0.25503355704697983,0.09999999999999987,0.8633333333333333,3,5
F181,0,2,0.25491183879093204,2,0.6000000000000001,0.37583892617449677,0.26,0.7766666666666668,1,5
F182,1,3,0.8005037783375315,1,0.30000000000000004,0.32885906040268464,0.9333333333333333,0.4833333333333334,1,5
F183,1,3,0.06448362720403022,1,0.3500000000000001,0.9798657718120807,0.72,0.41999999999999993,3,3
F184,3,1,0.5591939546599496,2,0.10000000000000009,0.6442953020134228,0.8399999999999996,0.2333333333333334,0,5
F185,1,3,0.2554156171284635,1,0.9000000000000001,0.7248322147651005,0.3799999999999999,0.9366666666666665,1,1
F186,1,3,0.9188916876574307,0,0.6500000000000001,0.42281879194630867,0.9933333333333334,0.10999999999999988,4,5
F187,1,3,0.015113350125944613,1,0.050000000000000044,0.6778523489932886,0.7533333333333332,0.9166666666666665,1,5
F188,3,1,0.8926952141057936,0,0.25,0.7248322147651005,0.5266666666666666,0.7566666666666668,0,0
F189,0,2,0.17632241813602023,2,1.0,0.6711409395973154,0.21333333333333315,0.15333333333333332,0,0
F190,1,3,0.40352644836272045,1,0.050000000000000044,0.6241610738255035,0.5999999999999999,0.07333333333333325,0,0
F191,1,3,0.22720403022670033,1,0.6000000000000001,0.09395973154362414,0.3666666666666665,0.7266666666666666,2,5
F192,0,2,0.36775818639798497,0,0.15000000000000002,0.2818791946308724,0.31333333333333346,0.7033333333333331,3,5
F193,0,2,0.4715365239294711,2,0.20000000000000007,0.8724832214765101,0.8666666666666665,0.7833333333333332,4,4
F194,3,1,0.7083123425692694,1,0.9000000000000001,0.033557046979865834,0.22666666666666657,0.7633333333333332,1,5
F195,2,0,0.14206549118387912,0,0.30000000000000004,0.6979865771812079,0.7066666666666668,0.8733333333333335,4,4
F196,2,0,0.20302267002518892,1,0.25,0.06040268456375841,0.2933333333333332,0.43666666666666654,2,5
F197,0,2,0.7793450881612092,0,0.9000000000000001,0.12080536912751672,0.019999999999999796,0.9366666666666665,2,5
F198,3,1,0.13551637279596984,1,0.8,0.7919463087248322,0.1266666666666667,0.33333333333333326,4,4
F199,2,0,0.8120906801007557,2,0.8500000000000001,0.7114093959731542,0.24,0.6499999999999999,3,3
F200,2,0,0.5178841309823679,0,0.3500000000000001,0.18791946308724838,0.2666666666666666,0.5833333333333333,3,5
F201,0,2,0.3662468513853905,2,0.9000000000000001,0.2818791946308724,0.053333333333333455,0.45666666666666655,4,4
F202,3,1,0.09118387909319903,1,0.40000000000000013,0.04026845637583898,0.45333333333333337,0.71,2,5
F203,2,0,0.019143576826196496,0,0.10000000000000009,0.22147651006711422,0.30000000000000004,0.23666666666666658,3,5
F204,0,2,0.8559193954659949,0,0.6500000000000001,0.9328859060402686,0.1200000000000001,0.6966666666666668,1,1
F205,1,3,0.4297229219143577,0,0.25,0.6174496644295302,0.5800000000000001,1.0,4,4
F206,0,2,0.7788413098236775,2,0.75,0.48993288590604034,0.8200000000000001,0.49,4,5
F207,3,1,0.7350125944584383,2,0.55,0.261744966442953,0.5066666666666666,0.96,2,5
F208,1,3,0.36675062972292194,2,0.30000000000000004,0.5033557046979866,0.7333333333333332,0.8933333333333335,3,5
F209,1,3,0.44685138539042824,2,0.8500000000000001,0.7785234899328859,0.40000000000000013,0.5833333333333333,3,3
F210,3,1,0.14962216624685143,1,0.10000000000000009,0.6040268456375839,0.8533333333333333,0.7766666666666668,4,5
F211,2,0,0.6846347607052896,2,0.7000000000000002,0.731543624161074,0.72,0.21333333333333337,3,3
F212,1,3,0.21057934508816123,0,1.0,0.5033557046979866,0.053333333333333455,0.32000000000000006,3,3
F213,3,1,0.929471032745592,1,0.3500000000000001,0.8657718120805369,0.6266666666666667,0.7999999999999998,1,1
F214,3,1,0.46347607052896733,0,0.4500000000000002,0.5436241610738255,0.8733333333333333,0.4733333333333334,0,5
F215,1,3,0.31435768261964736,1,0.6500000000000001,0.4697986577181208,0.033333333333333215,0.5966666666666667,2,2
F216,2,0,0.9108312342569269,2,0.9000000000000001,0.6107382550335569,0.32000000000000006,0.020000000000000018,1,1
F217,3,1,0.9546599496221662,0,0.6500000000000001,0.033557046979865834,0.5866666666666667,0.6233333333333333,4,5
F218,2,0,0.12191435768261971,2,1.0,0.30201342281879195,0.6133333333333333,0.07333333333333325,4,5
F219,2,0,0.9818639798488664,0,0.9500000000000002,0.8389261744966443,0.7333333333333332,0.21999999999999997,2,2
F220,3,1,0.25591939546599496,1,0.55,0.812080536912752,0.5666666666666667,0.6066666666666667,3,3
F221,2,0,0.8750629722921914,0,0.8500000000000001,0.9463087248322148,0.006666666666666599,0.16999999999999993,2,2
F222,1,3,0.6025188916876574,1,0.25,0.1610738255033557,0.30000000000000004,0.42333333333333334,2,5
F223,3,1,0.7350125944584383,1,0.30000000000000004,0.8053691275167785,0.9266666666666665,0.7166666666666668,0,5
F224,2,0,0.4639798488664988,2,0.6500000000000001,0.8255033557046982,0.09333333333333349,0.9366666666666665,0,0
F225,2,0,0.6770780856423173,2,0.40000000000000013,0.06040268456375841,0.17999999999999994,0.3799999999999999,2,5
F226,0,2,0.7375314861460958,1,0.6000000000000001,0.6308724832214765,0.9933333333333334,0.6033333333333333,0,5
F227,3,1,0.33602015113350125,2,0.8,0.9463087248322148,0.9800000000000002,0.18333333333333335,4,4
F228,0,2,0.6710327455919396,1,0.4500000000000002,0.6979865771812079,0.9266666666666665,0.8166666666666669,0,5
F229,0,2,0.4916876574307305,0,0.75,0.20805369127516782,0.6333333333333335,0.5566666666666666,2,5
F230,3,1,0.36372795969773297,0,0.75,0.8724832214765101,0.3733333333333333,0.0,4,4
F231,2,0,0.06095717884130991,2,0.9000000000000001,0.8791946308724832,0.27333333333333343,0.7999999999999998,2,2
F232,0,2,0.37531486146095716,2,0.6000000000000001,0.5033557046979866,0.040000000000000036,0.5233333333333332,4,4
F233,2,0,0.5329974811083125,1,0.6000000000000001,0.5503355704697988,0.54,0.19666666666666655,3,5
F234,2,0,0.23274559193954658,1,0.3500000000000001,0.8523489932885906,0.5733333333333333,0.9733333333333332,1,1
F235,3,1,0.202015113350126,2,0.30000000000000004,0.37583892617449677,0.07333333333333325,0.18666666666666654,0,0
F236,0,2,0.17581863979848866,2,0.10000000000000009,0.9664429530201344,0.6200000000000001,0.4866666666666666,3,3
F237,3,1,0.3345088161209069,0,0.050000000000000044,0.7583892617449666,0.5866666666666667,0.33666666666666667,2,2
F238,2,0,0.9471032745591941,0,0.0,0.5167785234899329,0.5999999999999999,0.3899999999999999,4,5
F239,1,3,0.3798488664987406,2,0.6500000000000001,0.3959731543624161,0.2933333333333332,0.6233333333333333,1,5
F240,1,3,0.3037783375314862,2,0.3500000000000001,0.43624161073825496,0.9800000000000002,0.15333333333333332,0,5
F241,2,0,0.06901763224181368,1,1.0,0.38926174496644306,0.9866666666666666,0.19666666666666655,3,5
F242,3,1,0.6619647355163729,2,0.30000000000000004,0.8993288590604027,0.6666666666666667,0.21999999999999997,0,0
F243,3,1,0.7531486146095718,2,0.7000000000000002,0.18120805369127524,0.09333333333333349,0.22333333333333338,1,5
F244,2,0,0.7622166246851385,0,1.0,0.25503355704697983,0.6933333333333331,0.24333333333333318,2,5
F245,1,3,0.22468513853904282,2,0.40000000000000013,0.32885906040268464,0.07333333333333325,0.20999999999999996,2,2
F246,1,3,0.39193954659949626,0,0.40000000000000013,0.919463087248322,0.78,0.6633333333333333,2,2
F247,1,3,0.5738035264483627,2,0.0,0.3087248322147651,0.44000000000000017,0.6933333333333334,0,5
F248,3,1,0.6186397984886649,0,0.25,0.5033557046979866,0.8066666666666664,0.8466666666666667,2,5
F249,0,2,0.17984886649874054,2,0.15000000000000002,0.812080536912752,0.28666666666666685,0.040000000000000036,2,2
F250,3,1,0.2085642317380353,0,0.7000000000000002,0.9060402684563758,0.9066666666666665,0.09999999999999987,0,0
F251,2,0,0.17481108312342575,0,0.55,0.10738255033557043,0.040000000000000036,0.7966666666666669,1,5
F252,2,0,0.2755667506297229,0,1.0,0.6644295302013423,0.16000000000000014,0.006666666666666599,3,3
F253,0,2,0.4816120906801008,2,0.8500000000000001,0.28859060402684567,0.4933333333333334,0.06333333333333324,1,5
F254,0,2,0.8599496221662468,1,0.7000000000000002,0.8456375838926176,0.9266666666666665,0.6299999999999999,2,2
F255,2,0,0.39596977329974814,0,0.9500000000000002,0.7449664429530203,0.2466666666666668,0.2666666666666666,0,0
F256,0,2,0.40957178841309827,0,0.3500000000000001,0.7449664429530203,0.44000000000000017,0.9233333333333333,1,1
F257,1,3,0.8604534005037783,0,0.9000000000000001,0.30201342281879195,0.9533333333333334,0.9433333333333334,3,5
F258,3,1,0.7722921914357683,1,0.4500000000000002,0.4093959731543626,0.8799999999999997,0.7133333333333334,4,5
F259,0,2,0.04987405541561718,2,1.0,0.3624161073825505,0.13333333333333353,0.8599999999999999,0,0
F260,1,3,0.9506297229219143,2,0.9000000000000001,0.06040268456375841,0.7533333333333332,0.31333333333333324,3,5
F261,1,3,0.5833753148614609,0,0.10000000000000009,0.3959731543624161,0.6333333333333335,0.22333333333333338,4,5
F262,1,3,0.011586901763224189,2,0.6500000000000001,0.6040268456375839,0.5466666666666666,0.3466666666666667,1,1
F263,3,1,0.2710327455919396,2,0.9500000000000002,0.6308724832214765,0.5866666666666667,0.08666666666666667,4,4
F264,0,2,0.7279596977329974,2,0.8500000000000001,0.9731543624161074,0.5733333333333333,0.21666666666666656,2,2
F265,2,0,0.16725440806045344,0,0.6500000000000001,0.7114093959731542,0.9599999999999997,0.7366666666666668,4,5
F266,0,2,0.2710327455919396,1,0.75,0.5704697986577183,0.4866666666666666,0.7833333333333332,2,2
F267,2,0,0.9390428211586901,0,0.6000000000000001,0.563758389261745,0.9866666666666666,0.4266666666666665,3,5
F268,3,1,0.709823677581864,1,0.20000000000000007,0.7248322147651005,0.3866666666666667,0.45999999999999996,0,0
F269,2,0,0.24987405541561714,0,0.4500000000000002,0.8657718120805369,0.9666666666666666,0.1266666666666667,3,5
F270,0,2,0.7188916876574307,2,0.0,0.261744966442953,0.30666666666666664,0.4833333333333334,1,5
F271,3,1,0.49622166246851385,0,0.25,0.4295302013422819,0.21333333333333315,0.6233333333333333,4,4
F272,3,1,0.06448362720403022,2,0.30000000000000004,0.12751677852348997,0.33999999999999986,0.69,0,5
F273,3,1,0.5612090680100756,2,0.5,0.41610738255033564,0.8799999999999997,0.5900000000000001,0,5
F274,3,1,0.9103274559193955,0,0.6000000000000001,0.10067114093959728,0.6399999999999999,0.5700000000000001,3,5
F275,1,3,0.8272040302267003,0,1.0,0.3355704697986577,0.1399999999999999,0.5133333333333332,3,3
F276,3,1,0.4775818639798489,1,0.3500000000000001,0.22147651006711422,0.6066666666666667,0.9700000000000002,1,5
F277,3,1,0.4130982367758187,1,0.6000000000000001,0.43624161073825496,0.8333333333333333,0.55,0,5
F278,3,1,0.4297229219143577,0,0.30000000000000004,0.9731543624161074,0.6066666666666667,0.6033333333333333,0,0
F279,1,3,0.5455919395465996,0,0.9000000000000001,0.6174496644295302,0.8333333333333333,0.7966666666666669,2,5
F280,1,3,0.9188916876574307,1,0.7000000000000002,0.13422818791946312,0.5,0.16333333333333333,4,5
F281,3,1,0.018639798488665038,0,0.8500000000000001,0.6442953020134228,0.9933333333333334,0.96,2,5
F282,1,3,0.21763224181360208,0,0.30000000000000004,0.13422818791946312,0.0,0.6933333333333334,4,5
F283,2,0,0.4317380352644836,0,0.8500000000000001,0.24832214765100669,0.17333333333333312,0.9566666666666666,1,5
F284,2,0,0.16322418136020156,2,0.25,0.7651006711409396,0.5666666666666667,0.7133333333333334,4,4
F285,3,1,0.9355163727959699,1,0.9500000000000002,0.8523489932885906,0.8466666666666665,0.7833333333333332,3,3
F286,1,3,0.7224181360201511,1,1.0,0.41610738255033564,0.8,0.8166666666666669,1,5
F287,0,2,0.5128463476070528,2,0.30000000000000004,0.0,0.7866666666666668,0.006666666666666599,1,5
F288,2,0,0.5173803526448364,1,0.9000000000000001,0.6644295302013423,0.7,0.5266666666666666,4,5
F289,0,2,0.06851385390428211,1,0.7000000000000002,0.3825503355704698,0.9533333333333334,0.44333333333333336,0,5
F290,1,3,0.06095717884130991,1,0.5,0.5771812080536913,0.5866666666666667,0.6833333333333331,4,5
F291,1,3,0.7138539042821159,2,0.7000000000000002,0.6174496644295302,0.6666666666666667,0.8933333333333335,4,5
F292,0,2,0.3561712846347608,1,0.25,0.43624161073825496,0.8533333333333333,0.046666666666666634,1,5
F293,3,1,0.8705289672544081,1,0.4500000000000002,0.7583892617449666,0.41333333333333333,0.1433333333333333,3,3
F294,0,2,0.5002518891687657,0,0.8500000000000001,0.05369127516778527,0.8799999999999997,0.9466666666666668,0,5
F295,2,0,0.9672544080604535,1,0.4500000000000002,0.9798657718120807,0.1200000000000001,0.42999999999999994,3,3
F296,3,1,0.22418136020151136,2,0.6000000000000001,0.5771812080536913,0.8466666666666665,0.3466666666666667,1,5
F297,0,2,0.6836272040302267,2,0.5,0.738255033557047,0.6799999999999999,0.8533333333333335,1,1
F298,2,0,0.7516372795969772,0,0.3500000000000001,0.25503355704697983,0.31333333333333346,0.11999999999999988,0,5
F299,0,2,0.9697732997481108,2,0.9000000000000001,0.7718120805369129,0.7866666666666668,0.6199999999999999,3,3
F300,1,3,0.7405541561712847,1,0.20000000000000007,0.31543624161073824,0.8200000000000001,0.1499999999999999,3,5
